,hospital_only,hglm,nn
0,0.106134154,0.43866363,-0.022604054
