,hospital_only,hglm,nn
0,0.09543229,-0.5754549,0.024858586
