,hospital_only,hglm,nn
0,-1.9378995,-2.6278412,-1.8212733
