,hospital_only,hglm,nn
0,-1.936622,-2.642052,-1.7932934
